https://winfulltime.com/predictions/1x2.html,https://winfulltime.com/predictions/1x2,301,true,,,
https://winfulltime.com/predictions/over-1-5.html,https://winfulltime.com/predictions/over-1-5,301,true,,,
https://winfulltime.com/predictions/over-2-5.html,https://winfulltime.com/predictions/over-2-5,301,true,,,
https://winfulltime.com/predictions/btts.html,https://winfulltime.com/predictions/btts,301,true,,,
https://winfulltime.com/predictions/btts-no.html,https://winfulltime.com/predictions/btts-no,301,true,,,
https://winfulltime.com/predictions/unbeaten.html,https://winfulltime.com/predictions/unbeaten,301,true,,,
https://winfulltime.com/predictions/winning-streak.html,https://winfulltime.com/predictions/winning-streak,301,true,,,
https://winfulltime.com/predictions/losing-streak.html,https://winfulltime.com/predictions/losing-streak,301,true,,,
https://winfulltime.com/predictions/draws-streak.html,https://winfulltime.com/predictions/draws-streak,301,true,,,
https://winfulltime.com/predictions/corners.html,https://winfulltime.com/predictions/corners,301,true,,,
https://winfulltime.com/predictions/cards.html,https://winfulltime.com/predictions/cards,301,true,,,